student_id,week_no,attendance_percentage,missed_classes_14d,lms_logins_7d,study_hours_per_week,previous_exam_score,assignments_completed_pct,late_submissions_30d,fee_pending_amount,counselor_visits_30d,scholarship_status,internet_access,advisor_note,support_requests_next_14d,high_risk_intervention,dominant_issue_type
S0001,7,5.2,22,3,8.2,93.8,24.2,20,5000,7,1,1,anxiety depression mental health therapy,5,1,Personal
S0002,4,53.1,20,80,41.7,87.1,96.1,2,50000,5,0,1,excellent consistent progress no worries,2,0,Stable
S0003,13,54.1,18,98,24.3,76.6,19.7,14,25000,1,0,1,midterm failed needs extra academic coaching,3,0,Academic
S0004,15,63.7,15,12,25.7,78.8,95.1,4,10000,5,0,0,cannot afford textbooks payment overdue,1,0,Financial
S0005,11,72.6,28,38,43.1,66.5,99.5,13,25000,9,1,1,quiz grades dropping needs tutoring urgently,5,1,Academic
S0006,8,97.6,18,14,41.5,26.0,71.2,17,25000,8,0,1,active engaged thriving academically stable,2,0,Stable
S0007,13,51.6,3,28,59.5,90.7,98.1,15,50000,6,0,1,psychological support personal tragedy intervention,2,0,Personal
S0008,5,32.3,28,28,7.7,67.1,57.0,5,5000,8,0,1,grief bereavement family trauma counseling,6,1,Personal
S0009,7,79.5,27,74,6.2,56.0,26.0,13,25000,4,1,1,fee overdue dues outstanding payment delayed,2,0,Financial
S0010,10,27.1,17,31,43.5,11.1,43.7,7,50000,6,0,0,emotional distress family emergency referred,11,1,Personal
S0011,3,43.9,1,1,34.7,44.7,59.4,6,5000,10,1,1,no intervention needed doing wonderfully,2,0,Stable
S0012,7,7.8,0,46,16.4,46.0,7.3,7,10000,6,1,1,psychological support personal tragedy intervention,1,1,Personal
S0013,11,2.5,14,77,4.8,86.5,62.2,12,10000,2,0,0,scholarship revoked pending semester charges,3,1,Financial
S0014,11,96.3,4,83,5.1,54.7,98.1,5,0,6,1,1,anxiety depression mental health therapy,2,0,Personal
S0015,8,83.6,19,21,53.7,38.0,19.0,17,50000,0,0,1,missed practicals labs consistently absent,4,0,Attendance
S0016,5,69.6,10,74,11.5,97.7,79.3,1,5000,8,1,1,midterm failed needs extra academic coaching,3,0,Academic
S0017,4,40.9,9,26,19.4,11.1,90.8,7,25000,9,1,1,homework incomplete lecture comprehension weak,6,1,Academic
S0018,8,17.3,30,66,13.6,42.3,94.4,10,10000,5,0,1,truancy pattern observed skipping school,16,1,Attendance
S0019,8,15.6,1,80,21.3,4.2,96.0,0,5000,4,0,0,quiz grades dropping needs tutoring urgently,3,1,Academic
S0020,3,25.0,2,55,4.2,74.0,52.1,5,50000,6,0,0,quiz grades dropping needs tutoring urgently,3,1,Academic
S0021,6,54.9,22,91,31.1,91.8,97.7,15,0,4,1,0,midterm failed needs extra academic coaching,2,0,Academic
S0022,5,71.5,22,92,4.1,28.0,75.7,19,10000,9,1,1,struggling with calculus exam preparation,8,1,Academic
S0023,2,66.0,11,20,48.0,85.8,16.2,11,5000,4,0,0,transport late irregular punctuality problem,4,0,Attendance
S0024,8,28.0,19,46,14.0,29.2,47.7,10,5000,10,0,1,struggling with calculus exam preparation,2,1,Academic
S0025,12,95.5,4,79,32.4,91.1,71.8,9,5000,9,1,1,active engaged thriving academically stable,4,0,Stable
S0026,14,73.8,4,100,52.8,75.4,24.7,2,50000,10,1,1,excellent consistent progress no worries,1,0,Stable
S0027,6,55.4,5,58,39.1,80.5,64.1,12,50000,6,1,0,absent skipping morning sessions repeatedly,6,0,Attendance
S0028,2,61.2,29,83,32.0,1.8,66.7,2,50000,9,0,0,no intervention needed doing wonderfully,5,1,Stable
S0029,16,42.0,8,5,19.5,96.3,16.3,14,25000,6,1,0,midterm failed needs extra academic coaching,2,0,Academic
S0030,12,24.8,1,18,20.0,72.7,56.5,15,5000,10,0,1,defaulter blocked portal unpaid outstanding,0,1,Financial
S0031,5,35.6,20,56,40.2,30.5,77.2,12,10000,2,1,0,anxiety depression mental health therapy,4,0,Personal
S0032,1,75.8,11,68,59.6,82.9,49.9,16,50000,2,1,1,performing great assignments submitted timely,2,0,Stable
S0033,12,1.4,2,2,39.7,28.2,1.2,2,50000,9,0,0,cannot afford textbooks payment overdue,2,1,Financial
S0034,10,11.6,19,0,33.5,87.3,0.9,19,5000,2,0,0,midterm failed needs extra academic coaching,7,1,Academic
S0035,6,4.6,25,57,43.8,11.3,35.7,10,50000,5,0,1,truancy pattern observed skipping school,6,1,Attendance
S0036,13,4.1,21,37,27.9,70.4,92.6,20,25000,5,1,1,coursework submission poor understanding subject,5,1,Academic
S0037,12,85.5,11,14,3.6,54.1,22.9,18,25000,2,1,0,grief bereavement family trauma counseling,4,0,Personal
S0038,9,70.4,23,33,33.7,9.7,63.4,10,50000,2,1,0,midterm failed needs extra academic coaching,2,1,Academic
S0039,1,47.4,16,60,57.5,24.2,22.2,15,5000,7,0,0,quiz grades dropping needs tutoring urgently,2,0,Academic
S0040,11,9.8,9,34,10.5,1.2,32.2,20,5000,7,1,1,excellent consistent progress no worries,7,1,Stable
S0041,11,49.2,29,63,41.4,46.9,84.8,2,5000,6,0,1,no intervention needed doing wonderfully,8,1,Stable
S0042,15,47.3,23,24,12.1,30.1,72.9,5,0,9,0,0,grief bereavement family trauma counseling,1,1,Personal
S0043,10,17.3,26,23,32.1,59.8,9.5,13,50000,3,0,0,excellent consistent progress no worries,8,1,Stable
S0044,16,43.4,13,11,5.8,29.7,42.9,17,5000,3,1,1,coursework submission poor understanding subject,3,1,Academic
S0045,12,39.9,22,17,27.0,30.0,2.9,16,25000,2,1,0,financial hardship dues unpaid charges pending,7,1,Financial
S0046,12,61.6,16,14,45.4,74.3,48.1,3,10000,4,0,1,struggling with calculus exam preparation,2,0,Academic
S0047,16,63.5,17,79,20.9,4.8,66.2,14,10000,2,1,1,no intervention needed doing wonderfully,2,1,Stable
S0048,15,4.5,18,26,39.9,90.3,11.9,10,5000,7,0,1,missed practicals labs consistently absent,2,1,Attendance
S0049,14,37.5,16,71,47.7,85.2,28.9,2,10000,6,0,1,missed practicals labs consistently absent,2,0,Attendance
S0050,14,62.6,13,59,55.6,66.8,39.8,2,10000,2,1,1,below minimum threshold attendance warning issued,0,0,Attendance
S0051,15,50.3,8,45,14.1,59.3,92.0,15,0,8,0,1,absent skipping morning sessions repeatedly,6,1,Attendance
S0052,14,85.6,7,88,24.0,89.2,99.3,4,25000,4,0,0,emotional distress family emergency referred,0,0,Personal
S0053,3,65.9,1,16,9.1,18.5,4.5,20,25000,8,1,1,defaulter blocked portal unpaid outstanding,8,1,Financial
S0054,12,16.3,12,92,59.5,7.9,76.1,9,0,6,0,1,truancy pattern observed skipping school,6,1,Attendance
S0055,7,7.1,24,52,55.6,24.0,37.2,18,0,6,0,0,defaulter blocked portal unpaid outstanding,9,1,Financial
S0056,4,64.2,6,7,32.4,79.5,39.2,3,10000,5,0,1,transport late irregular punctuality problem,0,0,Attendance
S0057,16,2.7,8,78,50.5,3.5,75.4,18,50000,1,0,0,emotional distress family emergency referred,0,1,Personal
S0058,9,58.6,21,26,31.3,58.3,91.8,10,10000,8,0,1,below minimum threshold attendance warning issued,4,0,Attendance
S0059,3,94.0,21,45,37.4,99.5,95.1,1,0,5,0,0,on track zero concerns outstanding performer,2,0,Stable
S0060,5,57.5,10,49,5.3,85.6,57.7,9,25000,7,0,0,scholarship revoked pending semester charges,2,0,Financial
S0061,3,38.8,13,70,45.3,52.1,35.7,10,10000,0,1,1,active engaged thriving academically stable,1,0,Stable
S0062,7,64.3,3,2,7.7,6.4,78.8,19,50000,4,1,1,performing great assignments submitted timely,7,1,Stable
S0063,5,45.8,25,92,49.6,83.1,25.1,15,10000,0,0,1,coursework submission poor understanding subject,1,0,Academic
S0064,9,54.6,25,63,46.9,59.9,56.4,18,5000,9,0,1,struggling with calculus exam preparation,8,0,Academic
S0065,7,94.1,28,43,42.5,11.5,35.9,10,10000,10,1,0,defaulter blocked portal unpaid outstanding,6,1,Financial
S0066,2,38.6,12,52,2.2,9.4,65.7,13,0,7,1,0,emotional distress family emergency referred,7,1,Personal
S0067,4,96.1,1,23,18.2,91.0,24.0,1,25000,7,1,0,grief bereavement family trauma counseling,2,0,Personal
S0068,9,90.5,22,59,15.8,66.9,19.2,4,25000,0,1,1,excellent consistent progress no worries,2,0,Stable
S0069,12,19.6,4,2,21.6,82.9,91.8,4,0,8,1,0,cannot afford textbooks payment overdue,0,1,Financial
S0070,14,6.9,10,19,5.3,87.9,10.2,18,5000,1,0,1,struggling with calculus exam preparation,2,1,Academic
S0071,2,10.1,5,45,56.2,57.2,50.6,20,0,8,1,1,scholarship revoked pending semester charges,5,1,Financial
S0072,10,1.8,17,14,33.2,51.7,22.1,11,10000,0,1,0,coursework submission poor understanding subject,5,1,Academic
S0073,9,9.4,20,24,18.3,43.0,3.9,17,0,9,1,1,grief bereavement family trauma counseling,7,1,Personal
S0074,10,68.3,9,93,23.8,31.7,3.6,3,0,8,0,0,financial hardship dues unpaid charges pending,3,0,Financial
S0075,5,7.1,3,77,26.8,43.5,17.5,16,5000,3,0,1,quiz grades dropping needs tutoring urgently,5,1,Academic
S0076,2,31.9,8,70,36.0,77.4,86.7,9,10000,8,0,0,struggling with calculus exam preparation,0,0,Academic
S0077,4,84.5,5,16,30.9,60.2,28.2,19,50000,6,0,1,no intervention needed doing wonderfully,0,0,Stable
S0078,12,2.3,1,83,55.2,89.3,95.0,5,50000,10,0,0,anxiety depression mental health therapy,3,0,Personal
S0079,15,81.4,16,99,29.8,44.3,58.2,13,25000,5,0,0,grief bereavement family trauma counseling,1,0,Personal
S0080,12,28.2,4,8,59.5,60.7,43.7,10,0,4,1,1,domestic crisis hospitalized chronic illness,0,0,Personal
S0081,7,11.8,24,37,51.1,63.1,58.0,10,25000,10,0,1,excellent consistent progress no worries,9,1,Stable
S0082,12,69.7,5,47,12.5,59.2,51.7,17,5000,8,0,0,coursework submission poor understanding subject,3,0,Academic
S0083,13,62.9,25,59,55.8,70.3,75.9,17,50000,1,1,1,transport late irregular punctuality problem,3,0,Attendance
S0084,8,87.7,11,62,7.0,23.7,28.2,10,0,10,0,1,psychological support personal tragedy intervention,9,1,Personal
S0085,15,73.5,22,85,49.0,51.2,35.3,20,5000,1,1,1,financial hardship dues unpaid charges pending,2,0,Financial
S0086,3,80.3,20,1,22.8,10.4,89.4,11,5000,10,1,0,performing great assignments submitted timely,9,1,Stable
S0087,14,28.2,9,87,52.7,38.5,94.6,4,0,8,0,0,no intervention needed doing wonderfully,5,0,Stable
S0088,1,17.7,21,71,52.1,48.8,89.3,8,5000,2,1,1,on track zero concerns outstanding performer,6,1,Stable
S0089,4,75.1,20,10,48.4,65.2,41.9,8,0,7,1,1,psychological support personal tragedy intervention,3,0,Personal
S0090,2,80.7,26,63,47.4,95.1,78.0,9,0,10,1,0,no intervention needed doing wonderfully,3,0,Stable
S0091,8,99.1,24,76,18.3,60.1,47.6,18,10000,8,1,1,performing great assignments submitted timely,6,0,Stable
S0092,4,41.3,30,80,4.9,74.4,49.8,0,25000,7,0,0,transport late irregular punctuality problem,7,1,Attendance
S0093,2,37.2,5,71,24.2,50.6,20.5,6,5000,3,1,1,midterm failed needs extra academic coaching,0,0,Academic
S0094,14,77.6,26,20,10.4,63.4,59.1,3,5000,0,0,1,performing great assignments submitted timely,2,0,Stable
S0095,6,34.1,7,17,41.7,7.1,18.6,0,10000,3,1,1,struggling with calculus exam preparation,1,1,Academic
S0096,6,93.1,1,93,20.8,25.4,33.2,14,10000,8,1,0,below minimum threshold attendance warning issued,2,0,Attendance
S0097,10,85.8,11,63,58.5,36.2,85.5,7,10000,1,1,0,scholarship revoked pending semester charges,3,0,Financial
S0098,4,42.9,12,81,38.5,47.2,20.7,11,50000,2,0,0,scholarship revoked pending semester charges,3,0,Financial
S0099,6,75.1,24,94,49.3,4.6,7.1,17,50000,9,0,0,anxiety depression mental health therapy,4,0,Personal
S0100,13,75.5,20,37,8.0,14.0,6.9,14,50000,7,0,1,struggling with calculus exam preparation,6,1,Academic
S0101,15,10.3,6,31,51.7,27.7,94.1,16,0,5,1,1,financial hardship dues unpaid charges pending,1,1,Financial
S0102,2,90.3,9,10,55.4,97.2,50.7,13,5000,7,1,0,on track zero concerns outstanding performer,6,0,Stable
S0103,10,50.5,12,44,29.2,33.1,40.9,13,25000,6,1,1,struggling with calculus exam preparation,3,1,Academic
S0104,12,82.6,16,88,36.4,48.2,81.1,17,0,4,1,1,financial hardship dues unpaid charges pending,6,0,Financial
S0105,2,32.0,25,32,45.9,19.6,83.6,19,5000,8,0,0,fee overdue dues outstanding payment delayed,8,1,Financial
S0106,10,89.6,20,40,10.5,61.1,33.2,17,5000,3,1,1,coursework submission poor understanding subject,1,0,Academic
S0107,14,38.9,27,7,30.2,28.1,69.4,15,10000,5,0,1,struggling with calculus exam preparation,6,1,Academic
S0108,4,1.1,29,10,23.9,20.7,77.1,0,10000,1,1,0,active engaged thriving academically stable,7,1,Stable
S0109,14,90.5,25,85,8.8,51.7,65.5,10,0,1,0,1,midterm failed needs extra academic coaching,3,0,Academic
S0110,15,9.1,13,50,22.1,0.6,15.2,14,10000,1,0,1,no intervention needed doing wonderfully,3,1,Stable
S0111,16,31.9,1,87,4.1,0.8,87.6,11,5000,9,1,1,cannot afford textbooks payment overdue,1,1,Financial
S0112,15,95.0,27,40,1.5,21.9,53.9,7,10000,6,1,0,truancy pattern observed skipping school,2,0,Attendance
S0113,8,95.1,21,16,8.1,3.7,28.2,19,50000,1,0,0,domestic crisis hospitalized chronic illness,7,1,Personal
S0114,14,57.3,10,75,57.8,10.8,42.5,5,10000,1,1,1,anxiety depression mental health therapy,2,0,Personal
S0115,7,63.2,0,45,33.0,33.9,3.8,2,5000,8,1,1,active engaged thriving academically stable,0,0,Stable
S0116,12,44.8,18,31,57.9,80.3,12.8,12,0,6,0,1,performing great assignments submitted timely,3,0,Stable
S0117,9,29.3,20,78,25.9,57.2,76.6,12,25000,10,0,0,missed practicals labs consistently absent,10,1,Attendance
S0118,14,32.9,3,79,18.7,51.3,0.0,1,10000,2,0,0,homework incomplete lecture comprehension weak,0,0,Academic
S0119,8,67.3,18,53,30.4,29.3,41.7,4,5000,2,0,0,below minimum threshold attendance warning issued,2,0,Attendance
S0120,5,75.2,25,85,26.4,93.2,52.3,16,25000,6,1,1,midterm failed needs extra academic coaching,6,0,Academic
S0121,16,79.2,28,91,6.3,39.7,5.5,5,25000,4,0,1,fee overdue dues outstanding payment delayed,0,0,Financial
S0122,13,79.0,20,19,38.4,8.7,97.3,1,50000,9,0,1,on track zero concerns outstanding performer,3,1,Stable
S0123,2,9.1,10,32,13.0,61.7,22.6,3,25000,5,0,1,midterm failed needs extra academic coaching,4,1,Academic
S0124,15,49.4,7,73,37.2,11.4,30.4,10,5000,7,1,1,struggling with calculus exam preparation,0,0,Academic
S0125,5,5.8,10,39,39.0,34.5,30.4,7,5000,8,0,0,excellent consistent progress no worries,7,1,Stable
S0126,8,55.0,3,31,9.1,50.7,23.0,11,10000,0,1,1,cannot afford textbooks payment overdue,3,0,Financial
S0127,10,44.2,16,96,3.7,87.4,0.1,7,10000,2,0,1,no intervention needed doing wonderfully,0,0,Stable
S0128,9,88.8,26,1,46.8,49.4,72.9,10,10000,10,0,1,midterm failed needs extra academic coaching,1,0,Academic
S0129,12,35.1,6,96,27.6,70.2,96.7,19,25000,6,1,0,quiz grades dropping needs tutoring urgently,2,0,Academic
S0130,12,11.7,7,32,3.5,99.3,22.4,7,25000,5,0,1,cannot afford textbooks payment overdue,8,1,Financial
S0131,12,14.3,2,76,59.7,13.1,66.3,7,50000,6,0,0,homework incomplete lecture comprehension weak,2,0,Academic
S0132,13,76.2,21,29,3.5,27.5,74.2,16,10000,7,1,0,emotional distress family emergency referred,2,1,Personal
S0133,9,61.8,1,32,41.7,39.5,84.8,19,0,5,0,0,financial hardship dues unpaid charges pending,3,0,Financial
S0134,13,10.1,22,76,59.0,42.2,42.3,19,50000,2,0,0,active engaged thriving academically stable,7,1,Stable
S0135,15,8.4,14,25,14.4,41.1,30.3,15,0,1,0,0,defaulter blocked portal unpaid outstanding,3,1,Financial
S0136,13,70.1,23,21,8.5,90.8,32.5,13,25000,6,0,1,fee overdue dues outstanding payment delayed,3,0,Financial
S0137,1,7.3,21,65,7.3,71.4,71.3,10,50000,10,1,1,on track zero concerns outstanding performer,8,1,Stable
S0138,9,82.2,21,37,18.2,60.8,81.7,6,50000,0,0,0,on track zero concerns outstanding performer,2,0,Stable
S0139,7,70.6,4,89,6.1,30.9,18.2,15,5000,2,1,0,performing great assignments submitted timely,3,0,Stable
S0140,9,8.1,23,45,41.5,82.4,37.1,12,25000,10,0,0,performing great assignments submitted timely,7,1,Stable
S0141,8,8.5,0,14,3.7,95.5,90.2,14,25000,3,1,1,excellent consistent progress no worries,1,1,Stable
S0142,1,98.7,25,97,30.6,82.1,80.7,15,50000,0,0,1,struggling with calculus exam preparation,4,0,Academic
S0143,12,37.4,3,43,59.8,0.2,98.5,20,25000,4,1,0,grief bereavement family trauma counseling,6,1,Personal
S0144,8,37.1,14,48,48.8,63.6,75.4,8,50000,9,0,1,scholarship revoked pending semester charges,1,0,Financial
S0145,8,81.3,19,74,36.9,5.1,39.3,2,5000,2,1,1,performing great assignments submitted timely,5,0,Stable
S0146,15,94.7,18,60,18.4,25.8,59.1,18,50000,1,1,0,psychological support personal tragedy intervention,2,0,Personal
S0147,11,98.6,2,66,37.4,6.0,66.1,19,25000,2,0,0,coursework submission poor understanding subject,0,0,Academic
S0148,3,75.3,19,5,31.6,60.4,7.8,4,25000,7,1,1,truancy pattern observed skipping school,5,1,Attendance
S0149,1,37.6,10,8,25.6,68.7,54.4,9,50000,5,0,1,psychological support personal tragedy intervention,3,1,Personal
S0150,8,8.4,16,5,7.8,11.4,70.9,16,50000,6,0,1,no intervention needed doing wonderfully,7,1,Stable
S0151,3,77.7,29,72,53.2,38.4,16.7,14,50000,5,0,0,absent skipping morning sessions repeatedly,5,1,Attendance
S0152,3,55.8,26,94,27.0,45.6,78.1,7,10000,5,0,0,no intervention needed doing wonderfully,5,1,Stable
S0153,1,42.4,12,31,11.7,36.9,58.4,14,25000,2,0,0,defaulter blocked portal unpaid outstanding,3,1,Financial
S0154,11,90.6,10,40,22.1,12.1,95.2,20,25000,7,1,1,grief bereavement family trauma counseling,3,1,Personal
S0155,5,11.1,1,75,24.8,41.9,4.2,13,10000,6,0,1,scholarship revoked pending semester charges,1,1,Financial
S0156,10,49.3,8,7,49.7,75.1,26.5,19,50000,6,0,0,excellent consistent progress no worries,4,0,Stable
S0157,7,1.1,25,71,44.0,7.1,60.2,6,5000,5,0,1,anxiety depression mental health therapy,3,1,Personal
S0158,10,46.9,1,49,46.2,8.0,29.7,20,50000,4,0,0,truancy pattern observed skipping school,2,0,Attendance
S0159,9,5.6,20,91,0.7,35.5,71.4,11,50000,9,0,1,active engaged thriving academically stable,9,1,Stable
S0160,12,11.9,8,61,25.0,94.2,75.9,16,10000,7,0,0,truancy pattern observed skipping school,2,1,Attendance
S0161,7,11.8,8,83,28.9,66.9,10.3,16,25000,4,1,1,transport late irregular punctuality problem,2,0,Attendance
S0162,9,64.9,7,61,1.2,67.9,51.4,9,50000,8,1,1,transport late irregular punctuality problem,1,0,Attendance
S0163,8,74.6,16,6,15.6,36.2,50.9,18,25000,8,0,0,scholarship revoked pending semester charges,2,1,Financial
S0164,12,58.3,0,74,45.6,59.4,36.9,13,0,0,1,0,homework incomplete lecture comprehension weak,2,0,Academic
S0165,2,96.2,24,83,8.2,1.0,93.3,10,25000,5,0,0,fee overdue dues outstanding payment delayed,8,1,Financial
S0166,1,37.5,28,79,32.1,63.6,82.8,1,5000,6,0,0,below minimum threshold attendance warning issued,1,0,Attendance
S0167,16,28.6,10,3,12.9,91.3,69.7,17,5000,2,0,0,cannot afford textbooks payment overdue,6,1,Financial
S0168,7,86.9,7,5,0.7,61.3,71.4,6,50000,6,0,1,scholarship revoked pending semester charges,5,1,Financial
S0169,7,22.4,9,57,14.5,87.4,46.2,11,25000,10,0,0,psychological support personal tragedy intervention,7,1,Personal
S0170,14,96.3,24,21,58.6,72.4,92.1,1,50000,10,1,0,homework incomplete lecture comprehension weak,4,0,Academic
S0171,8,1.2,6,25,48.1,12.1,69.5,19,10000,6,1,0,truancy pattern observed skipping school,12,1,Attendance
S0172,5,97.0,2,2,57.6,90.2,72.9,17,5000,10,1,0,excellent consistent progress no worries,1,0,Stable
S0173,3,4.3,2,40,29.3,6.6,86.2,5,50000,1,1,0,truancy pattern observed skipping school,1,1,Attendance
S0174,12,89.1,17,59,6.6,53.4,27.4,9,10000,6,0,1,transport late irregular punctuality problem,2,0,Attendance
S0175,8,52.8,4,13,32.9,14.2,80.7,19,50000,0,1,0,on track zero concerns outstanding performer,2,1,Stable
S0176,6,99.3,11,74,27.3,1.2,19.5,14,25000,4,0,0,midterm failed needs extra academic coaching,2,0,Academic
S0177,11,7.4,11,81,50.7,42.2,34.5,4,25000,8,1,0,homework incomplete lecture comprehension weak,5,0,Academic
S0178,3,55.4,18,11,5.9,29.5,33.6,19,25000,6,1,1,below minimum threshold attendance warning issued,3,1,Attendance
S0179,1,96.9,29,86,29.3,48.6,97.9,2,25000,6,1,1,financial hardship dues unpaid charges pending,2,0,Financial
S0180,3,52.3,5,11,9.0,57.7,85.7,4,0,10,1,0,cannot afford textbooks payment overdue,3,1,Financial
S0181,5,62.9,1,12,19.5,4.4,70.1,7,10000,1,0,0,struggling with calculus exam preparation,3,1,Academic
S0182,15,69.6,11,24,44.2,12.3,72.7,7,10000,7,1,1,coursework submission poor understanding subject,5,1,Academic
S0183,14,45.5,18,44,28.6,55.9,56.2,7,25000,2,1,1,performing great assignments submitted timely,2,1,Stable
S0184,3,62.8,4,18,22.6,34.3,94.7,11,0,7,0,1,performing great assignments submitted timely,1,1,Stable
S0185,1,58.4,11,54,23.7,72.9,49.6,7,25000,2,0,0,struggling with calculus exam preparation,1,0,Academic
S0186,5,90.1,26,99,27.6,65.2,38.1,10,0,9,1,0,excellent consistent progress no worries,6,0,Stable
S0187,10,4.5,26,44,47.1,84.6,16.3,13,25000,6,0,1,grief bereavement family trauma counseling,8,1,Personal
S0188,7,28.1,16,7,53.5,69.2,78.6,7,5000,1,0,0,cannot afford textbooks payment overdue,3,0,Financial
S0189,15,95.0,28,92,57.3,43.0,73.4,9,5000,3,0,1,performing great assignments submitted timely,2,0,Stable
S0190,14,89.0,16,52,47.2,67.3,38.4,6,50000,10,1,1,coursework submission poor understanding subject,1,0,Academic
S0191,7,45.6,9,54,18.9,27.5,2.5,16,25000,5,0,1,anxiety depression mental health therapy,6,1,Personal
S0192,11,62.0,24,31,41.3,30.6,83.9,3,10000,10,1,0,quiz grades dropping needs tutoring urgently,7,1,Academic
S0193,9,27.7,22,50,26.3,78.9,1.1,12,50000,8,1,1,struggling with calculus exam preparation,3,1,Academic
S0194,15,18.8,16,43,15.3,44.6,70.4,3,5000,4,1,1,active engaged thriving academically stable,2,1,Stable
S0195,15,46.4,14,81,50.5,79.8,97.0,4,25000,8,1,0,no intervention needed doing wonderfully,2,0,Stable
S0196,10,35.3,11,69,2.3,82.2,43.8,3,50000,4,0,1,emotional distress family emergency referred,1,0,Personal
S0197,10,58.4,29,17,54.1,85.8,23.5,17,25000,9,1,0,domestic crisis hospitalized chronic illness,6,1,Personal
S0198,12,7.8,15,82,27.7,91.7,70.5,5,5000,7,0,1,excellent consistent progress no worries,0,0,Stable
S0199,13,97.4,23,21,38.2,43.1,81.7,1,50000,0,1,0,coursework submission poor understanding subject,2,0,Academic
S0200,3,98.6,18,36,39.6,31.9,54.6,10,5000,6,0,1,no intervention needed doing wonderfully,1,0,Stable
S0201,15,69.8,7,95,53.7,58.2,96.7,13,0,3,1,1,defaulter blocked portal unpaid outstanding,3,0,Financial
S0202,16,53.6,30,55,38.2,37.1,5.2,4,5000,4,0,1,financial hardship dues unpaid charges pending,4,0,Financial
S0203,7,31.0,20,58,36.8,60.1,50.5,5,25000,5,1,1,on track zero concerns outstanding performer,2,1,Stable
S0204,1,81.4,16,2,4.0,70.6,71.8,9,10000,4,1,1,homework incomplete lecture comprehension weak,0,0,Academic
S0205,4,68.5,22,27,31.1,68.8,86.3,7,5000,0,0,0,domestic crisis hospitalized chronic illness,3,0,Personal
S0206,13,16.3,4,73,9.0,37.5,17.9,13,10000,8,1,0,cannot afford textbooks payment overdue,6,1,Financial
S0207,16,91.1,21,34,44.2,16.7,80.0,2,0,1,1,1,struggling with calculus exam preparation,1,0,Academic
S0208,4,82.3,15,60,30.7,43.1,55.3,11,50000,8,1,1,transport late irregular punctuality problem,2,0,Attendance
S0209,14,95.0,5,92,40.8,14.3,39.7,15,50000,9,0,1,anxiety depression mental health therapy,5,0,Personal
S0210,5,72.6,7,53,2.5,89.0,13.2,16,10000,1,1,0,absent skipping morning sessions repeatedly,2,0,Attendance
S0211,7,61.3,24,62,5.1,34.6,86.5,0,50000,8,1,0,emotional distress family emergency referred,2,1,Personal
S0212,7,41.8,17,78,43.0,15.4,15.7,9,5000,5,0,1,absent skipping morning sessions repeatedly,3,1,Attendance
S0213,13,93.3,24,96,4.3,2.5,31.0,9,10000,10,0,0,absent skipping morning sessions repeatedly,9,1,Attendance
S0214,15,86.6,11,6,4.3,64.6,29.0,20,25000,8,0,1,below minimum threshold attendance warning issued,3,0,Attendance
S0215,11,4.5,14,75,0.7,63.7,87.1,1,5000,5,0,1,performing great assignments submitted timely,2,1,Stable
S0216,13,2.6,26,48,57.4,34.1,67.3,8,5000,5,0,1,financial hardship dues unpaid charges pending,5,1,Financial
S0217,4,37.6,25,93,44.3,7.2,79.7,12,5000,10,1,0,psychological support personal tragedy intervention,5,1,Personal
S0218,13,81.1,8,84,21.2,41.0,25.0,15,25000,1,1,1,grief bereavement family trauma counseling,4,0,Personal
S0219,16,98.7,12,30,17.8,31.1,62.5,17,0,7,1,1,grief bereavement family trauma counseling,2,0,Personal
S0220,7,15.0,25,57,21.0,67.7,57.2,18,50000,2,0,1,domestic crisis hospitalized chronic illness,2,1,Personal
S0221,11,59.4,14,60,46.5,60.6,83.3,11,10000,6,1,0,psychological support personal tragedy intervention,3,0,Personal
S0222,3,38.1,9,23,39.7,36.5,90.6,7,0,4,0,0,grief bereavement family trauma counseling,0,0,Personal
S0223,6,97.0,15,19,11.1,21.8,1.2,16,10000,2,0,0,anxiety depression mental health therapy,0,0,Personal
S0224,12,84.2,6,36,10.4,98.8,67.4,14,50000,0,1,1,financial hardship dues unpaid charges pending,1,0,Financial
S0225,2,83.8,16,3,5.9,45.4,5.2,9,25000,7,0,0,cannot afford textbooks payment overdue,2,1,Financial
S0226,10,46.9,22,91,39.6,68.8,54.9,14,5000,2,0,1,anxiety depression mental health therapy,2,0,Personal
S0227,13,41.5,25,19,45.9,14.1,28.8,14,5000,1,1,0,domestic crisis hospitalized chronic illness,9,1,Personal
S0228,14,27.3,20,59,15.9,48.6,30.7,6,25000,0,0,1,transport late irregular punctuality problem,2,1,Attendance
S0229,9,5.6,21,23,1.3,2.8,35.3,12,0,3,0,0,cannot afford textbooks payment overdue,4,1,Financial
S0230,5,86.5,25,49,4.9,50.5,62.1,16,0,7,1,1,financial hardship dues unpaid charges pending,10,0,Financial
S0231,6,81.3,6,48,58.1,96.4,33.4,8,10000,2,0,0,anxiety depression mental health therapy,2,0,Personal
S0232,12,100.0,13,50,17.7,38.4,73.3,7,25000,0,0,0,quiz grades dropping needs tutoring urgently,1,0,Academic
S0233,12,99.7,14,95,46.2,3.9,40.5,19,0,3,1,0,quiz grades dropping needs tutoring urgently,3,0,Academic
S0234,12,55.5,20,35,37.5,3.1,6.8,20,25000,8,1,1,cannot afford textbooks payment overdue,12,1,Financial
S0235,12,76.9,6,97,22.9,38.8,78.4,17,50000,0,1,0,performing great assignments submitted timely,1,0,Stable
S0236,4,94.5,8,99,12.3,16.0,28.6,12,5000,10,1,0,below minimum threshold attendance warning issued,5,0,Attendance
S0237,14,85.0,18,65,7.3,2.3,43.3,15,5000,1,0,0,performing great assignments submitted timely,5,1,Stable
S0238,14,24.7,15,78,36.9,75.6,68.5,8,5000,8,0,0,transport late irregular punctuality problem,4,0,Attendance
S0239,11,45.1,7,33,46.5,45.9,33.2,11,25000,1,1,1,cannot afford textbooks payment overdue,1,0,Financial
S0240,16,12.9,17,35,38.6,28.9,5.7,11,25000,2,0,0,no intervention needed doing wonderfully,8,1,Stable
S0241,10,95.4,26,5,31.8,90.0,37.4,5,10000,6,0,1,no intervention needed doing wonderfully,2,0,Stable
S0242,7,60.6,22,38,2.5,11.6,94.4,18,5000,2,1,1,coursework submission poor understanding subject,6,1,Academic
S0243,12,22.9,28,41,58.1,95.6,64.2,6,10000,8,1,1,emotional distress family emergency referred,5,0,Personal
S0244,9,67.2,17,57,47.9,31.4,67.1,2,5000,5,0,1,defaulter blocked portal unpaid outstanding,1,0,Financial
S0245,7,61.8,30,11,17.6,88.8,63.2,15,10000,2,1,0,domestic crisis hospitalized chronic illness,2,0,Personal
S0246,14,35.8,29,2,58.8,60.3,19.9,17,10000,8,1,1,transport late irregular punctuality problem,13,1,Attendance
S0247,1,11.4,19,17,36.1,82.7,41.8,15,50000,0,1,1,excellent consistent progress no worries,7,1,Stable
S0248,1,67.2,6,39,34.9,98.4,75.1,6,10000,9,0,1,midterm failed needs extra academic coaching,2,0,Academic
S0249,9,52.0,2,20,44.9,28.8,10.1,3,25000,2,1,1,quiz grades dropping needs tutoring urgently,3,0,Academic
S0250,11,77.2,17,14,48.7,96.1,27.8,7,10000,0,0,0,excellent consistent progress no worries,3,0,Stable
S0251,14,52.0,26,96,39.4,38.9,27.6,12,5000,1,0,0,scholarship revoked pending semester charges,1,0,Financial
S0252,9,85.2,9,98,7.7,38.6,43.2,12,10000,7,0,1,transport late irregular punctuality problem,0,0,Attendance
S0253,4,55.2,6,25,20.3,34.0,98.0,16,0,6,1,1,transport late irregular punctuality problem,8,1,Attendance
S0254,13,56.1,16,7,55.7,54.1,6.8,16,5000,1,1,1,quiz grades dropping needs tutoring urgently,2,0,Academic
S0255,9,87.7,13,99,13.5,15.4,51.9,4,0,1,1,0,on track zero concerns outstanding performer,0,0,Stable
S0256,3,40.3,30,93,22.3,55.4,17.9,5,5000,8,1,0,anxiety depression mental health therapy,4,1,Personal
S0257,7,13.4,23,86,25.9,54.2,97.1,18,25000,5,1,0,coursework submission poor understanding subject,6,1,Academic
S0258,6,2.9,2,41,26.4,76.2,11.3,12,25000,4,0,0,performing great assignments submitted timely,5,1,Stable
S0259,8,75.5,11,43,36.8,83.4,40.4,13,25000,9,0,0,truancy pattern observed skipping school,2,0,Attendance
S0260,11,62.0,27,13,56.6,44.0,73.8,3,0,5,0,1,anxiety depression mental health therapy,4,0,Personal
S0261,9,70.4,12,77,14.4,30.2,70.5,6,50000,8,1,0,truancy pattern observed skipping school,4,0,Attendance
S0262,14,21.3,1,1,7.3,25.9,42.3,7,5000,10,0,0,defaulter blocked portal unpaid outstanding,4,1,Financial
S0263,5,13.6,2,36,11.8,19.5,34.7,12,25000,6,0,1,no intervention needed doing wonderfully,3,1,Stable
S0264,1,1.5,4,68,53.2,5.8,39.8,5,5000,9,1,0,transport late irregular punctuality problem,3,1,Attendance
S0265,3,35.1,10,37,38.7,34.2,26.4,5,0,9,1,0,domestic crisis hospitalized chronic illness,6,1,Personal
S0266,10,59.0,7,40,17.2,27.0,20.5,20,50000,8,0,0,financial hardship dues unpaid charges pending,9,1,Financial
S0267,12,39.2,25,61,49.0,96.6,48.3,2,0,3,0,1,defaulter blocked portal unpaid outstanding,5,0,Financial
S0268,8,43.7,22,59,51.7,55.8,26.9,2,5000,1,1,0,excellent consistent progress no worries,2,0,Stable
S0269,15,90.4,22,13,50.8,34.7,28.7,12,50000,7,1,1,midterm failed needs extra academic coaching,5,1,Academic
S0270,11,34.8,11,88,55.1,58.0,65.7,1,50000,3,1,1,below minimum threshold attendance warning issued,0,0,Attendance
S0271,6,51.4,6,83,15.1,13.9,96.9,15,0,8,1,0,quiz grades dropping needs tutoring urgently,2,1,Academic
S0272,16,78.4,14,1,45.3,44.4,60.4,5,25000,3,0,0,emotional distress family emergency referred,4,0,Personal
S0273,16,39.7,23,69,27.6,62.6,7.7,7,5000,7,0,0,scholarship revoked pending semester charges,3,0,Financial
S0274,8,62.2,16,16,50.5,48.9,7.6,7,10000,8,1,0,truancy pattern observed skipping school,5,0,Attendance
S0275,9,86.2,3,88,43.7,40.2,95.1,5,10000,8,0,1,performing great assignments submitted timely,2,0,Stable
S0276,4,95.0,28,27,46.6,99.4,29.7,13,0,9,0,0,midterm failed needs extra academic coaching,4,0,Academic
S0277,1,14.7,21,65,39.4,88.0,9.2,2,5000,3,1,1,financial hardship dues unpaid charges pending,2,0,Financial
S0278,14,92.7,24,34,10.6,62.3,59.9,9,5000,0,0,1,no intervention needed doing wonderfully,0,0,Stable
S0279,1,49.2,12,100,32.7,56.9,62.4,2,0,2,0,1,defaulter blocked portal unpaid outstanding,1,0,Financial
S0280,10,25.8,17,4,59.1,62.1,64.9,11,5000,8,0,1,quiz grades dropping needs tutoring urgently,4,1,Academic
S0281,4,45.9,0,64,56.2,20.1,26.7,16,25000,3,1,1,missed practicals labs consistently absent,2,0,Attendance
S0282,12,98.0,15,39,2.6,39.5,1.5,4,0,4,1,0,emotional distress family emergency referred,2,0,Personal
S0283,14,49.3,12,75,9.9,3.9,96.5,19,25000,6,0,1,grief bereavement family trauma counseling,5,1,Personal
S0284,7,32.9,9,55,7.9,47.6,25.1,8,5000,4,1,1,absent skipping morning sessions repeatedly,1,1,Attendance
S0285,2,63.3,11,35,43.6,54.3,67.6,20,0,3,1,0,quiz grades dropping needs tutoring urgently,1,0,Academic
S0286,3,24.0,29,44,49.1,22.8,70.7,19,5000,1,1,0,anxiety depression mental health therapy,4,1,Personal
S0287,1,7.6,1,22,12.8,96.4,61.0,6,0,1,0,1,midterm failed needs extra academic coaching,0,0,Academic
S0288,5,12.9,22,46,30.4,90.9,31.3,3,5000,3,0,1,below minimum threshold attendance warning issued,0,0,Attendance
S0289,1,12.8,2,30,50.4,72.2,27.1,12,25000,9,1,0,domestic crisis hospitalized chronic illness,0,1,Personal
S0290,8,15.2,9,10,44.0,53.3,59.8,12,25000,9,0,1,domestic crisis hospitalized chronic illness,8,1,Personal
S0291,1,13.9,1,9,32.5,87.0,86.6,9,5000,8,0,0,on track zero concerns outstanding performer,4,1,Stable
S0292,11,64.1,29,66,35.4,13.1,94.7,17,0,7,0,0,absent skipping morning sessions repeatedly,6,1,Attendance
S0293,1,18.2,26,13,30.5,79.1,10.6,16,10000,2,0,1,financial hardship dues unpaid charges pending,6,1,Financial
S0294,2,34.6,22,79,17.9,12.5,15.5,19,25000,8,0,0,excellent consistent progress no worries,3,1,Stable
S0295,2,89.7,12,73,33.9,79.4,94.5,19,25000,4,1,1,excellent consistent progress no worries,9,0,Stable
S0296,12,47.4,12,92,41.3,27.6,73.7,12,10000,10,0,1,midterm failed needs extra academic coaching,3,1,Academic
S0297,6,66.8,17,9,52.4,87.7,88.3,16,5000,2,0,1,on track zero concerns outstanding performer,0,0,Stable
S0298,7,17.2,2,75,38.2,94.4,20.3,3,0,4,0,0,below minimum threshold attendance warning issued,1,0,Attendance
S0299,5,19.2,26,93,45.7,14.9,58.8,0,5000,9,1,1,no intervention needed doing wonderfully,3,1,Stable
S0300,16,4.1,6,0,9.6,46.3,70.1,0,50000,3,1,0,scholarship revoked pending semester charges,2,1,Financial
S0301,1,16.9,13,4,27.7,98.1,68.0,14,25000,7,1,1,transport late irregular punctuality problem,3,1,Attendance
S0302,1,27.9,19,19,0.6,48.3,40.8,12,50000,4,0,1,performing great assignments submitted timely,7,1,Stable
S0303,3,17.7,28,7,14.8,86.4,1.5,16,25000,9,1,0,cannot afford textbooks payment overdue,5,1,Financial
S0304,14,8.9,29,42,43.6,58.9,58.3,7,25000,7,1,1,active engaged thriving academically stable,14,1,Stable
S0305,2,12.1,16,75,59.5,37.5,25.3,17,50000,8,1,1,excellent consistent progress no worries,2,1,Stable
S0306,5,46.1,28,0,6.0,28.6,45.0,12,50000,3,1,0,quiz grades dropping needs tutoring urgently,6,1,Academic
S0307,12,20.6,29,56,24.1,20.3,95.8,13,5000,6,0,0,missed practicals labs consistently absent,8,1,Attendance
S0308,10,36.4,20,63,48.0,76.2,39.9,7,50000,1,1,0,truancy pattern observed skipping school,3,0,Attendance
S0309,16,50.3,11,83,12.2,38.7,84.0,7,5000,5,1,1,grief bereavement family trauma counseling,2,0,Personal
S0310,6,69.0,24,27,33.3,51.1,18.9,14,5000,7,0,0,on track zero concerns outstanding performer,0,0,Stable
S0311,16,3.9,15,36,44.0,49.2,67.2,12,5000,6,0,0,anxiety depression mental health therapy,1,1,Personal
S0312,7,79.9,23,46,37.0,57.7,97.7,6,25000,6,1,1,homework incomplete lecture comprehension weak,4,0,Academic
S0313,4,62.8,11,100,11.3,86.6,10.2,4,25000,7,0,0,defaulter blocked portal unpaid outstanding,5,0,Financial
S0314,7,8.2,14,75,21.3,98.1,0.8,16,50000,6,1,1,homework incomplete lecture comprehension weak,6,1,Academic
S0315,11,87.4,24,36,47.0,40.8,43.4,15,25000,4,0,1,midterm failed needs extra academic coaching,5,0,Academic
S0316,8,92.1,9,48,33.3,82.8,9.3,1,50000,6,0,0,on track zero concerns outstanding performer,2,0,Stable
S0317,11,6.1,29,43,0.3,76.5,74.8,17,25000,9,1,1,quiz grades dropping needs tutoring urgently,10,1,Academic
S0318,1,27.7,24,55,45.7,57.4,91.5,16,0,2,0,0,below minimum threshold attendance warning issued,10,1,Attendance
S0319,15,80.6,30,27,2.1,95.6,43.4,6,0,4,1,0,truancy pattern observed skipping school,6,0,Attendance
S0320,6,74.8,6,78,44.7,20.0,25.9,12,50000,6,0,0,homework incomplete lecture comprehension weak,1,0,Academic
S0321,8,18.5,19,5,12.1,10.9,43.4,17,25000,8,1,0,struggling with calculus exam preparation,3,1,Academic
S0322,5,20.9,4,60,57.5,85.4,72.3,13,25000,1,0,1,quiz grades dropping needs tutoring urgently,2,0,Academic
S0323,4,37.0,0,19,22.1,43.9,0.9,17,5000,3,0,1,below minimum threshold attendance warning issued,1,1,Attendance
S0324,2,48.5,29,77,19.6,84.7,58.9,12,10000,6,0,0,grief bereavement family trauma counseling,5,0,Personal
S0325,6,61.8,16,1,8.9,89.3,61.3,10,50000,0,0,0,absent skipping morning sessions repeatedly,2,0,Attendance
S0326,6,36.9,2,72,18.3,6.2,63.8,20,10000,1,0,1,coursework submission poor understanding subject,2,1,Academic
S0327,11,46.3,12,36,52.6,88.3,24.2,20,10000,8,1,0,scholarship revoked pending semester charges,0,0,Financial
S0328,15,74.7,13,19,59.8,44.8,71.4,15,50000,9,0,1,absent skipping morning sessions repeatedly,7,0,Attendance
S0329,16,3.7,23,25,22.1,51.0,9.1,16,25000,6,1,0,excellent consistent progress no worries,7,1,Stable
S0330,16,25.2,29,28,26.9,62.7,19.9,7,50000,9,1,1,on track zero concerns outstanding performer,11,1,Stable
S0331,1,71.3,17,0,43.3,92.6,87.7,18,10000,6,1,1,homework incomplete lecture comprehension weak,4,0,Academic
S0332,9,89.5,3,34,53.2,1.9,73.9,19,25000,5,0,1,anxiety depression mental health therapy,4,0,Personal
S0333,12,51.2,17,69,35.6,47.7,1.4,14,0,2,1,0,quiz grades dropping needs tutoring urgently,5,0,Academic
S0334,11,53.2,29,100,23.5,68.8,24.8,8,50000,9,0,0,active engaged thriving academically stable,2,0,Stable
S0335,6,10.7,4,58,24.8,72.3,21.4,19,50000,2,1,0,excellent consistent progress no worries,3,1,Stable
S0336,16,44.7,24,68,41.7,69.3,27.1,9,25000,1,1,0,performing great assignments submitted timely,1,0,Stable
S0337,13,53.3,15,32,0.2,13.4,24.8,11,0,10,1,0,struggling with calculus exam preparation,11,1,Academic
S0338,3,24.2,0,50,37.2,29.9,6.3,20,0,5,1,1,on track zero concerns outstanding performer,0,0,Stable
S0339,4,26.9,20,77,21.3,35.9,45.9,19,25000,3,1,1,defaulter blocked portal unpaid outstanding,3,1,Financial
S0340,12,37.7,13,11,47.7,80.4,73.3,0,5000,4,0,1,truancy pattern observed skipping school,2,0,Attendance
S0341,11,2.0,14,19,5.6,27.9,60.7,19,50000,2,1,1,active engaged thriving academically stable,2,1,Stable
S0342,4,32.2,8,52,35.3,21.1,67.3,8,50000,5,1,1,missed practicals labs consistently absent,4,1,Attendance
S0343,3,21.1,14,87,28.9,95.7,8.1,14,10000,10,0,1,domestic crisis hospitalized chronic illness,4,0,Personal
S0344,10,32.7,16,42,38.5,0.9,95.1,0,25000,2,0,1,excellent consistent progress no worries,6,1,Stable
S0345,3,12.0,24,97,3.9,99.8,83.8,11,10000,7,0,0,struggling with calculus exam preparation,5,0,Academic
S0346,15,89.1,23,88,34.8,67.7,80.5,2,10000,8,1,1,coursework submission poor understanding subject,3,0,Academic
S0347,3,59.4,3,49,33.7,82.8,82.3,10,0,3,1,0,defaulter blocked portal unpaid outstanding,2,0,Financial
S0348,4,67.9,11,28,33.6,29.5,93.3,1,50000,8,1,1,active engaged thriving academically stable,8,1,Stable
S0349,16,78.9,26,56,36.2,1.4,54.4,15,10000,6,1,1,active engaged thriving academically stable,4,1,Stable
S0350,7,49.8,25,38,40.6,73.8,20.0,8,0,2,1,0,psychological support personal tragedy intervention,5,0,Personal
S0351,4,8.7,4,94,48.3,83.4,61.7,14,25000,6,1,1,active engaged thriving academically stable,2,0,Stable
S0352,9,53.7,28,55,16.2,74.0,74.3,11,10000,0,0,0,struggling with calculus exam preparation,3,0,Academic
S0353,1,58.7,4,42,49.5,14.3,73.8,0,50000,2,0,1,missed practicals labs consistently absent,1,0,Attendance
S0354,8,74.5,10,49,29.9,75.3,52.1,12,10000,5,1,0,financial hardship dues unpaid charges pending,0,0,Financial
S0355,16,43.2,27,22,4.6,76.9,6.8,13,25000,3,1,1,missed practicals labs consistently absent,9,1,Attendance
S0356,7,12.8,5,43,3.5,65.9,37.1,7,10000,6,1,0,scholarship revoked pending semester charges,3,1,Financial
S0357,2,28.4,6,37,20.1,76.6,92.1,7,50000,2,1,0,active engaged thriving academically stable,1,1,Stable
S0358,8,36.3,23,83,47.1,84.6,58.4,11,0,0,1,1,defaulter blocked portal unpaid outstanding,4,0,Financial
S0359,1,64.6,30,22,42.5,61.4,53.8,0,50000,8,0,1,fee overdue dues outstanding payment delayed,1,0,Financial
S0360,11,57.1,13,44,47.3,8.9,26.9,10,0,5,0,0,below minimum threshold attendance warning issued,2,1,Attendance
S0361,12,35.6,23,51,31.0,48.8,36.8,7,5000,7,1,1,domestic crisis hospitalized chronic illness,6,1,Personal
S0362,9,98.7,10,79,26.4,7.8,89.5,9,50000,2,0,0,homework incomplete lecture comprehension weak,2,0,Academic
S0363,9,60.6,29,49,8.8,40.8,66.6,18,50000,7,1,1,no intervention needed doing wonderfully,8,1,Stable
S0364,2,23.7,12,7,19.7,40.7,78.7,10,25000,1,1,0,absent skipping morning sessions repeatedly,3,1,Attendance
S0365,7,10.2,1,84,26.0,6.6,45.4,6,10000,3,1,1,truancy pattern observed skipping school,1,1,Attendance
S0366,15,15.3,24,0,5.3,34.9,63.0,10,0,2,0,0,active engaged thriving academically stable,4,1,Stable
S0367,14,24.6,6,7,13.2,11.1,24.8,16,0,9,0,1,domestic crisis hospitalized chronic illness,4,1,Personal
S0368,10,16.1,19,28,35.9,80.8,70.5,0,25000,0,1,0,fee overdue dues outstanding payment delayed,2,1,Financial
S0369,3,18.7,3,95,44.1,94.8,42.8,20,25000,6,0,0,financial hardship dues unpaid charges pending,3,0,Financial
S0370,7,28.5,26,4,59.9,7.2,44.3,20,10000,10,0,1,cannot afford textbooks payment overdue,7,1,Financial
S0371,12,17.3,7,85,56.0,95.5,64.9,7,10000,9,1,1,grief bereavement family trauma counseling,1,0,Personal
S0372,16,89.7,19,46,38.6,52.3,93.6,5,50000,1,0,0,missed practicals labs consistently absent,1,0,Attendance
S0373,10,8.0,28,33,25.3,30.0,6.4,17,5000,3,0,0,struggling with calculus exam preparation,7,1,Academic
S0374,16,52.5,30,64,38.2,7.7,82.5,5,10000,8,1,0,psychological support personal tragedy intervention,6,1,Personal
S0375,9,41.0,21,54,47.1,50.1,29.2,4,25000,5,1,0,grief bereavement family trauma counseling,4,1,Personal
S0376,4,98.2,20,89,7.1,79.5,44.4,12,10000,7,0,1,no intervention needed doing wonderfully,5,0,Stable
S0377,12,11.2,18,42,24.6,70.7,2.2,18,0,1,1,0,fee overdue dues outstanding payment delayed,2,1,Financial
S0378,1,39.8,12,73,50.4,5.0,30.1,7,5000,6,0,0,below minimum threshold attendance warning issued,5,1,Attendance
S0379,2,96.9,13,29,23.0,7.3,50.3,8,50000,5,1,0,homework incomplete lecture comprehension weak,4,1,Academic
S0380,1,86.6,9,81,34.3,40.3,5.6,16,0,8,1,1,performing great assignments submitted timely,3,0,Stable
S0381,16,81.7,10,16,35.3,29.5,49.1,2,0,6,1,0,absent skipping morning sessions repeatedly,4,0,Attendance
S0382,14,25.8,1,25,11.1,23.2,92.7,18,5000,0,1,1,fee overdue dues outstanding payment delayed,4,1,Financial
S0383,12,17.1,24,7,21.7,28.1,10.5,10,50000,7,0,1,fee overdue dues outstanding payment delayed,4,1,Financial
S0384,5,66.9,25,46,20.1,80.3,76.4,16,25000,10,1,1,anxiety depression mental health therapy,8,1,Personal
S0385,5,92.9,8,75,1.6,92.9,41.0,20,50000,9,1,1,active engaged thriving academically stable,5,0,Stable
S0386,16,55.7,16,90,1.5,40.5,65.5,18,10000,2,1,1,cannot afford textbooks payment overdue,3,1,Financial
S0387,11,57.2,25,71,49.9,90.6,26.0,1,0,1,0,1,excellent consistent progress no worries,1,0,Stable
S0388,7,28.0,2,88,16.4,32.1,15.9,7,10000,2,0,1,performing great assignments submitted timely,1,1,Stable
S0389,9,76.9,23,45,31.1,47.6,16.0,18,25000,10,1,0,coursework submission poor understanding subject,7,1,Academic
S0390,9,18.7,5,67,17.9,22.6,7.0,6,10000,5,1,0,psychological support personal tragedy intervention,3,1,Personal
S0391,3,32.4,4,32,56.4,64.0,18.6,16,50000,2,1,1,cannot afford textbooks payment overdue,4,0,Financial
S0392,3,42.5,4,0,15.6,97.9,66.4,5,10000,9,1,0,coursework submission poor understanding subject,1,0,Academic
S0393,16,50.8,21,18,25.8,60.3,88.2,18,25000,4,1,0,excellent consistent progress no worries,11,1,Stable
S0394,16,24.2,14,30,52.4,35.8,81.4,5,25000,5,1,1,midterm failed needs extra academic coaching,2,1,Academic
S0395,3,11.5,22,79,50.5,64.8,68.5,1,25000,7,0,0,grief bereavement family trauma counseling,3,1,Personal
S0396,4,61.1,16,13,11.2,12.3,11.0,5,50000,6,1,1,financial hardship dues unpaid charges pending,4,1,Financial
S0397,8,28.9,8,52,48.2,88.9,28.9,4,25000,10,1,0,below minimum threshold attendance warning issued,4,0,Attendance
S0398,6,58.1,2,47,27.5,50.3,31.0,18,0,7,1,1,truancy pattern observed skipping school,6,1,Attendance
S0399,8,15.4,19,68,29.0,44.9,25.0,19,25000,2,1,1,truancy pattern observed skipping school,10,1,Attendance
S0400,1,48.1,25,89,8.0,58.6,51.5,3,10000,3,1,0,no intervention needed doing wonderfully,3,0,Stable
S0401,8,53.3,16,61,4.8,62.5,53.6,16,10000,5,1,0,truancy pattern observed skipping school,5,1,Attendance
S0402,4,5.2,28,91,43.7,7.2,35.7,10,10000,10,0,1,defaulter blocked portal unpaid outstanding,10,1,Financial
S0403,11,33.7,26,65,29.8,68.3,35.4,3,50000,6,0,1,coursework submission poor understanding subject,1,0,Academic
S0404,1,13.4,9,63,26.2,24.2,82.9,12,10000,8,0,1,truancy pattern observed skipping school,10,1,Attendance
S0405,8,6.3,2,69,43.8,71.4,78.9,19,50000,0,0,0,emotional distress family emergency referred,2,0,Personal
S0406,4,99.0,17,62,45.9,82.3,30.8,16,50000,7,0,0,homework incomplete lecture comprehension weak,0,0,Academic
S0407,6,32.2,17,72,9.5,80.4,91.4,8,25000,7,0,0,coursework submission poor understanding subject,6,0,Academic
S0408,8,81.0,29,32,36.6,55.3,95.3,3,0,5,1,0,emotional distress family emergency referred,3,0,Personal
S0409,4,25.5,16,40,8.1,52.0,32.7,13,25000,3,1,1,active engaged thriving academically stable,7,1,Stable
S0410,14,68.2,23,88,45.1,14.3,35.4,18,25000,2,1,1,truancy pattern observed skipping school,1,0,Attendance
S0411,3,76.0,2,47,39.4,77.5,50.6,2,50000,10,1,1,cannot afford textbooks payment overdue,1,0,Financial
S0412,16,59.6,2,12,57.4,27.1,94.1,13,50000,2,1,1,below minimum threshold attendance warning issued,3,1,Attendance
S0413,14,47.2,5,72,4.1,49.7,87.6,7,10000,5,1,0,domestic crisis hospitalized chronic illness,4,0,Personal
S0414,9,41.2,12,76,3.4,28.4,10.3,0,10000,7,0,1,grief bereavement family trauma counseling,7,1,Personal
S0415,3,34.9,23,30,16.9,13.4,39.3,9,25000,6,1,1,coursework submission poor understanding subject,3,1,Academic
S0416,9,93.0,28,74,15.7,63.0,55.3,17,5000,10,0,0,midterm failed needs extra academic coaching,6,0,Academic
S0417,13,83.1,14,67,14.8,5.4,50.3,15,5000,0,0,0,quiz grades dropping needs tutoring urgently,0,0,Academic
S0418,2,96.5,24,97,54.4,74.9,19.4,7,10000,10,1,1,quiz grades dropping needs tutoring urgently,8,0,Academic
S0419,16,12.4,8,3,15.0,31.8,85.9,0,5000,5,1,0,transport late irregular punctuality problem,3,1,Attendance
S0420,14,73.1,3,18,16.3,0.0,67.7,11,10000,6,1,1,active engaged thriving academically stable,2,1,Stable
S0421,2,93.8,13,69,45.6,51.1,83.8,7,50000,6,1,0,performing great assignments submitted timely,3,0,Stable
S0422,2,18.1,4,97,27.0,4.7,85.9,15,25000,8,1,0,homework incomplete lecture comprehension weak,3,1,Academic
S0423,6,6.6,1,81,46.6,27.6,74.8,17,0,10,1,1,transport late irregular punctuality problem,3,1,Attendance
S0424,3,74.1,10,12,3.9,70.7,43.9,3,25000,10,1,0,active engaged thriving academically stable,7,1,Stable
S0425,16,57.4,8,22,29.3,6.3,61.1,5,10000,9,0,1,cannot afford textbooks payment overdue,9,1,Financial
S0426,13,84.2,23,82,2.0,83.9,16.0,11,10000,4,1,0,defaulter blocked portal unpaid outstanding,2,0,Financial
S0427,9,14.0,2,74,3.8,0.4,67.4,8,25000,0,1,0,fee overdue dues outstanding payment delayed,5,1,Financial
S0428,4,79.5,26,0,54.4,24.7,17.9,14,10000,1,0,0,grief bereavement family trauma counseling,7,1,Personal
S0429,1,20.2,27,87,8.4,74.1,69.4,15,5000,3,1,0,active engaged thriving academically stable,13,1,Stable
S0430,4,16.4,28,53,31.9,31.6,23.0,11,5000,4,1,0,fee overdue dues outstanding payment delayed,3,1,Financial
S0431,1,16.4,8,70,24.7,10.2,11.8,13,10000,8,0,1,excellent consistent progress no worries,5,1,Stable
S0432,14,81.5,2,88,20.8,36.0,16.5,12,10000,10,1,0,no intervention needed doing wonderfully,0,0,Stable
S0433,5,66.5,24,84,54.0,27.0,0.2,1,5000,0,1,1,missed practicals labs consistently absent,5,0,Attendance
S0434,16,52.3,1,14,1.3,84.3,71.9,2,10000,2,1,0,financial hardship dues unpaid charges pending,2,0,Financial
S0435,4,35.9,11,64,39.8,31.3,73.2,9,10000,4,1,1,emotional distress family emergency referred,2,0,Personal
S0436,8,87.7,9,75,57.8,78.9,51.5,8,25000,2,1,0,domestic crisis hospitalized chronic illness,1,0,Personal
S0437,16,39.2,8,70,33.6,89.2,16.1,19,0,3,1,1,financial hardship dues unpaid charges pending,1,0,Financial
S0438,8,81.7,14,14,56.2,43.4,8.4,7,5000,2,0,1,fee overdue dues outstanding payment delayed,2,0,Financial
S0439,7,43.9,7,20,3.1,91.0,1.9,9,25000,3,1,0,midterm failed needs extra academic coaching,1,1,Academic
S0440,3,37.7,24,18,25.1,37.7,16.6,18,0,0,1,0,on track zero concerns outstanding performer,2,1,Stable
S0441,1,46.3,4,59,15.6,96.4,89.1,2,10000,7,0,0,no intervention needed doing wonderfully,1,0,Stable
S0442,16,30.1,10,92,43.8,8.9,24.2,4,10000,3,0,1,grief bereavement family trauma counseling,4,1,Personal
S0443,1,74.8,26,88,58.9,68.7,35.4,2,25000,6,1,1,midterm failed needs extra academic coaching,6,0,Academic
S0444,16,50.3,1,32,15.4,49.4,10.5,15,10000,1,0,0,transport late irregular punctuality problem,4,0,Attendance
S0445,12,23.2,23,48,39.3,38.8,22.2,16,50000,1,1,0,quiz grades dropping needs tutoring urgently,6,1,Academic
S0446,11,90.0,27,95,11.9,63.3,51.9,14,25000,5,1,1,psychological support personal tragedy intervention,10,0,Personal
S0447,3,38.4,14,34,33.9,70.4,60.8,2,0,1,0,1,transport late irregular punctuality problem,3,0,Attendance
S0448,6,54.4,5,43,27.8,0.4,24.5,11,25000,5,1,0,on track zero concerns outstanding performer,3,1,Stable
S0449,7,90.6,7,89,58.3,16.7,5.8,8,5000,10,1,1,homework incomplete lecture comprehension weak,1,0,Academic
S0450,6,62.4,26,10,36.5,71.3,39.1,20,25000,1,0,0,emotional distress family emergency referred,3,0,Personal
S0451,14,11.7,4,98,21.0,66.6,23.4,11,10000,3,0,0,quiz grades dropping needs tutoring urgently,2,0,Academic
S0452,14,94.0,15,71,6.8,96.6,22.0,14,10000,6,0,0,truancy pattern observed skipping school,4,0,Attendance
S0453,6,62.8,25,77,9.1,76.1,96.0,1,50000,7,0,1,coursework submission poor understanding subject,2,0,Academic
S0454,6,33.5,17,73,13.5,95.1,61.6,17,50000,2,1,1,missed practicals labs consistently absent,3,0,Attendance
S0455,13,13.9,5,65,15.1,70.3,55.7,19,50000,8,0,1,scholarship revoked pending semester charges,5,1,Financial
S0456,3,79.4,4,45,51.0,29.8,41.6,11,0,1,0,1,excellent consistent progress no worries,1,0,Stable
S0457,6,62.0,27,8,33.7,10.5,42.9,3,50000,7,0,0,cannot afford textbooks payment overdue,5,1,Financial
S0458,8,53.3,15,2,31.4,78.2,54.1,15,0,7,0,1,fee overdue dues outstanding payment delayed,4,0,Financial
S0459,11,89.4,12,84,6.9,64.4,69.6,15,50000,3,0,0,domestic crisis hospitalized chronic illness,2,0,Personal
S0460,11,78.9,27,25,51.6,4.8,70.2,0,0,0,1,0,on track zero concerns outstanding performer,1,0,Stable
S0461,2,15.2,4,71,43.4,36.0,17.2,1,25000,0,0,0,active engaged thriving academically stable,0,0,Stable
S0462,5,31.2,12,47,4.1,95.7,50.0,2,25000,1,1,1,defaulter blocked portal unpaid outstanding,2,0,Financial
S0463,14,24.8,16,65,42.5,50.0,41.2,20,10000,8,0,0,performing great assignments submitted timely,3,1,Stable
S0464,1,74.4,17,69,32.6,43.3,87.1,19,0,1,0,0,transport late irregular punctuality problem,3,0,Attendance
S0465,12,3.4,7,27,4.9,45.8,63.1,16,5000,1,0,1,active engaged thriving academically stable,4,1,Stable
S0466,15,57.0,12,92,27.5,20.9,53.3,19,10000,5,0,0,grief bereavement family trauma counseling,6,0,Personal
S0467,16,76.2,29,25,29.1,36.9,11.5,20,25000,6,0,1,struggling with calculus exam preparation,11,1,Academic
S0468,1,87.7,28,24,9.9,37.0,60.6,0,0,6,0,1,truancy pattern observed skipping school,6,0,Attendance
S0469,5,34.2,18,11,56.7,5.2,11.7,19,50000,8,0,1,no intervention needed doing wonderfully,4,1,Stable
S0470,12,82.1,25,4,51.0,76.8,33.7,5,5000,5,0,0,midterm failed needs extra academic coaching,3,0,Academic
S0471,13,11.1,2,97,40.1,41.7,14.3,14,25000,7,1,1,midterm failed needs extra academic coaching,7,1,Academic
S0472,16,84.6,23,47,27.7,82.2,69.2,13,10000,10,0,1,below minimum threshold attendance warning issued,5,0,Attendance
S0473,3,12.7,7,36,24.7,85.0,20.6,19,0,5,1,1,domestic crisis hospitalized chronic illness,7,1,Personal
S0474,4,39.7,1,78,39.1,21.2,39.2,14,5000,1,0,1,scholarship revoked pending semester charges,0,0,Financial
S0475,3,79.7,7,43,32.7,65.7,89.6,13,0,0,1,0,anxiety depression mental health therapy,2,0,Personal
S0476,16,15.0,26,99,3.7,47.2,20.4,20,50000,4,0,1,no intervention needed doing wonderfully,4,1,Stable
S0477,1,22.9,12,14,30.8,88.0,50.8,4,10000,8,0,0,no intervention needed doing wonderfully,1,1,Stable
S0478,16,72.2,12,42,48.4,21.6,41.9,5,0,7,0,1,scholarship revoked pending semester charges,3,1,Financial
S0479,1,72.0,0,47,27.6,67.8,1.8,16,25000,3,1,0,no intervention needed doing wonderfully,1,0,Stable
S0480,12,64.1,5,86,3.1,60.8,79.3,10,10000,4,1,1,below minimum threshold attendance warning issued,2,0,Attendance
S0481,12,69.4,23,69,47.2,29.5,6.9,15,25000,4,1,0,transport late irregular punctuality problem,8,0,Attendance
S0482,14,54.3,18,45,12.1,13.7,47.4,11,0,5,1,1,transport late irregular punctuality problem,4,1,Attendance
S0483,13,25.2,15,42,15.5,65.2,56.1,14,10000,2,0,0,fee overdue dues outstanding payment delayed,4,1,Financial
S0484,14,34.6,7,20,9.9,73.9,62.8,3,25000,4,0,0,homework incomplete lecture comprehension weak,1,0,Academic
S0485,5,18.2,27,22,19.8,31.6,68.9,17,50000,1,0,0,cannot afford textbooks payment overdue,9,1,Financial
S0486,6,90.8,0,79,45.4,64.5,25.3,20,50000,9,1,1,below minimum threshold attendance warning issued,3,0,Attendance
S0487,3,58.3,26,46,31.2,39.5,1.0,2,0,0,0,0,missed practicals labs consistently absent,2,0,Attendance
S0488,12,40.1,26,14,12.3,71.3,72.3,7,10000,10,1,0,defaulter blocked portal unpaid outstanding,6,1,Financial
S0489,9,46.2,15,24,52.7,19.9,53.6,2,5000,0,1,0,excellent consistent progress no worries,0,0,Stable
S0490,5,94.7,8,35,52.8,89.0,83.6,7,10000,9,1,0,emotional distress family emergency referred,1,0,Personal
S0491,8,15.3,12,74,52.2,28.7,82.1,17,50000,6,1,1,emotional distress family emergency referred,4,1,Personal
S0492,13,58.6,10,50,14.3,36.8,84.3,9,25000,1,1,0,emotional distress family emergency referred,3,0,Personal
S0493,1,50.6,12,14,27.1,5.8,48.5,19,5000,3,0,0,absent skipping morning sessions repeatedly,3,1,Attendance
S0494,14,61.1,24,67,59.1,11.2,33.4,16,0,4,1,0,no intervention needed doing wonderfully,3,1,Stable
S0495,5,1.8,20,20,46.3,51.6,79.2,7,5000,6,1,1,transport late irregular punctuality problem,1,1,Attendance
S0496,15,87.2,9,12,1.6,26.8,45.1,10,0,1,0,0,absent skipping morning sessions repeatedly,0,0,Attendance
S0497,3,93.2,3,85,3.9,83.5,18.3,4,5000,5,1,0,excellent consistent progress no worries,0,0,Stable
S0498,12,56.5,30,18,27.8,1.5,85.5,12,0,0,1,0,active engaged thriving academically stable,3,1,Stable
S0499,1,69.7,26,33,54.6,37.9,88.3,20,0,6,0,0,psychological support personal tragedy intervention,2,0,Personal
S0500,4,92.2,5,77,32.3,33.7,46.6,4,5000,8,0,1,anxiety depression mental health therapy,1,0,Personal
S0501,15,70.7,27,67,29.9,1.9,7.6,12,5000,4,0,0,coursework submission poor understanding subject,10,1,Academic
S0502,13,15.3,6,51,6.3,12.4,38.8,5,0,4,1,0,absent skipping morning sessions repeatedly,0,1,Attendance
S0503,5,57.6,4,26,39.4,41.4,80.4,4,50000,3,0,1,transport late irregular punctuality problem,0,0,Attendance
S0504,16,60.7,10,28,49.3,49.3,90.2,8,5000,2,0,1,struggling with calculus exam preparation,3,0,Academic
S0505,7,42.4,12,27,22.8,40.4,20.3,15,10000,8,0,1,absent skipping morning sessions repeatedly,2,1,Attendance
S0506,1,73.6,25,34,46.5,53.1,6.7,1,25000,4,1,0,performing great assignments submitted timely,0,0,Stable
S0507,16,93.4,24,7,57.9,59.5,87.7,0,0,7,0,1,performing great assignments submitted timely,3,0,Stable
S0508,3,92.6,18,15,12.2,1.0,38.9,7,0,8,1,0,fee overdue dues outstanding payment delayed,2,1,Financial
S0509,16,45.1,30,35,31.4,46.4,54.2,18,25000,4,1,1,truancy pattern observed skipping school,6,1,Attendance
S0510,2,11.3,22,29,17.2,96.3,96.8,10,50000,9,0,0,cannot afford textbooks payment overdue,6,1,Financial
S0511,9,98.5,9,17,47.6,51.9,6.7,11,25000,8,1,1,on track zero concerns outstanding performer,3,0,Stable
S0512,10,83.9,9,1,34.7,67.8,64.8,11,5000,1,1,0,no intervention needed doing wonderfully,4,0,Stable
S0513,15,12.5,10,48,38.1,31.2,7.4,6,25000,8,0,1,financial hardship dues unpaid charges pending,4,1,Financial
S0514,6,92.1,20,76,47.9,77.4,37.5,12,0,10,1,0,on track zero concerns outstanding performer,9,0,Stable
S0515,10,87.0,29,3,23.8,77.3,80.4,7,25000,3,0,0,on track zero concerns outstanding performer,4,0,Stable
S0516,3,51.9,6,89,54.9,52.1,43.3,8,10000,5,1,0,domestic crisis hospitalized chronic illness,3,0,Personal
S0517,8,59.1,30,88,32.0,97.6,99.7,6,5000,5,1,0,defaulter blocked portal unpaid outstanding,1,0,Financial
S0518,14,39.9,17,93,9.5,12.6,55.9,20,25000,5,0,0,grief bereavement family trauma counseling,2,1,Personal
S0519,8,5.5,3,74,41.8,1.7,32.1,14,0,1,0,0,truancy pattern observed skipping school,3,1,Attendance
S0520,2,33.5,1,6,47.6,77.0,22.0,1,5000,6,1,0,fee overdue dues outstanding payment delayed,3,0,Financial
S0521,16,80.3,13,94,19.0,80.7,35.1,19,0,5,1,0,psychological support personal tragedy intervention,3,0,Personal
S0522,15,0.5,12,73,51.4,12.0,37.3,11,50000,10,0,1,no intervention needed doing wonderfully,4,1,Stable
S0523,6,33.3,28,38,54.4,26.6,6.9,0,10000,0,1,0,grief bereavement family trauma counseling,2,1,Personal
S0524,7,39.8,11,12,16.6,1.8,37.0,7,50000,1,1,0,performing great assignments submitted timely,5,1,Stable
S0525,2,53.7,6,30,59.0,29.3,46.4,4,10000,6,1,1,midterm failed needs extra academic coaching,1,0,Academic
S0526,15,92.0,1,70,8.4,77.3,72.3,14,25000,0,1,0,financial hardship dues unpaid charges pending,1,0,Financial
S0527,11,34.6,12,62,12.1,51.8,65.7,0,5000,0,0,1,psychological support personal tragedy intervention,2,0,Personal
S0528,10,34.7,13,55,11.1,34.8,70.9,0,25000,0,0,0,financial hardship dues unpaid charges pending,3,1,Financial
S0529,2,73.8,26,41,53.6,37.2,0.8,9,10000,7,0,1,psychological support personal tragedy intervention,2,1,Personal
S0530,10,45.2,16,60,39.3,0.1,21.8,9,10000,3,0,1,fee overdue dues outstanding payment delayed,5,1,Financial
S0531,1,22.5,8,41,9.1,30.0,66.2,20,10000,3,0,0,emotional distress family emergency referred,3,1,Personal
S0532,8,45.2,16,55,26.4,64.6,48.4,14,0,1,0,1,absent skipping morning sessions repeatedly,1,0,Attendance
S0533,1,14.1,7,35,36.9,97.4,0.5,16,5000,10,1,0,cannot afford textbooks payment overdue,6,0,Financial
S0534,9,17.6,30,83,5.0,84.7,80.4,5,25000,10,0,0,on track zero concerns outstanding performer,3,1,Stable
S0535,11,49.8,1,67,52.9,2.4,77.3,2,25000,10,1,0,psychological support personal tragedy intervention,2,0,Personal
S0536,6,41.9,27,6,48.2,89.9,54.8,12,50000,0,1,0,midterm failed needs extra academic coaching,3,0,Academic
S0537,16,91.5,23,53,30.3,78.3,6.6,15,10000,9,1,1,on track zero concerns outstanding performer,3,0,Stable
S0538,7,36.2,12,0,58.0,78.0,76.7,7,10000,8,0,0,emotional distress family emergency referred,7,1,Personal
S0539,13,58.1,2,43,25.1,45.8,58.4,14,10000,6,1,1,below minimum threshold attendance warning issued,1,0,Attendance
S0540,10,63.2,15,44,59.0,39.8,78.2,16,25000,3,0,1,fee overdue dues outstanding payment delayed,5,0,Financial
S0541,7,1.3,5,46,40.1,30.3,75.2,16,50000,5,1,0,performing great assignments submitted timely,10,1,Stable
S0542,10,66.4,18,12,38.1,6.6,80.3,12,0,1,1,0,homework incomplete lecture comprehension weak,3,0,Academic
S0543,3,17.8,29,21,10.0,22.8,51.8,16,5000,6,0,0,grief bereavement family trauma counseling,5,1,Personal
S0544,2,96.1,6,20,52.9,24.7,14.0,5,0,1,1,0,fee overdue dues outstanding payment delayed,1,0,Financial
S0545,9,14.9,9,85,25.6,48.4,67.1,16,25000,9,1,1,no intervention needed doing wonderfully,4,1,Stable
S0546,8,41.5,8,91,9.7,74.7,62.0,15,10000,7,1,0,no intervention needed doing wonderfully,3,0,Stable
S0547,13,8.5,1,8,0.8,47.4,74.2,13,5000,7,1,1,domestic crisis hospitalized chronic illness,4,1,Personal
S0548,12,99.7,30,25,33.6,5.8,17.0,12,25000,0,0,0,defaulter blocked portal unpaid outstanding,3,0,Financial
S0549,10,50.2,27,8,31.6,95.8,19.5,5,25000,7,1,0,active engaged thriving academically stable,7,1,Stable
S0550,7,59.5,27,14,43.2,94.3,89.0,2,25000,1,1,0,psychological support personal tragedy intervention,1,0,Personal
S0551,9,6.7,14,9,53.4,78.5,75.0,13,5000,5,0,0,emotional distress family emergency referred,11,1,Personal
S0552,4,75.0,29,87,4.8,99.1,90.8,13,5000,0,1,1,anxiety depression mental health therapy,1,0,Personal
S0553,13,21.0,4,41,43.9,54.4,75.9,14,50000,4,1,1,grief bereavement family trauma counseling,2,1,Personal
S0554,4,89.8,28,71,11.2,96.3,59.7,7,50000,10,1,0,fee overdue dues outstanding payment delayed,3,0,Financial
S0555,1,20.5,21,23,51.5,7.6,65.4,14,0,6,1,1,grief bereavement family trauma counseling,1,1,Personal
S0556,8,19.1,3,79,49.1,36.6,88.9,12,5000,9,0,1,anxiety depression mental health therapy,6,1,Personal
S0557,16,3.7,19,48,32.4,22.5,57.9,16,5000,0,1,0,defaulter blocked portal unpaid outstanding,3,1,Financial
S0558,14,47.2,3,25,42.6,19.6,63.2,20,5000,1,0,0,active engaged thriving academically stable,1,1,Stable
S0559,16,56.5,17,90,18.9,14.1,15.6,2,50000,6,1,1,domestic crisis hospitalized chronic illness,2,1,Personal
S0560,14,6.6,3,36,28.3,62.2,47.4,5,25000,5,1,1,below minimum threshold attendance warning issued,0,1,Attendance
S0561,12,77.6,26,67,49.3,78.1,71.6,4,10000,2,1,1,scholarship revoked pending semester charges,1,0,Financial
S0562,3,45.3,16,49,27.6,57.8,27.1,16,50000,9,0,1,fee overdue dues outstanding payment delayed,4,1,Financial
S0563,7,52.4,11,23,21.5,14.7,20.2,1,5000,1,1,0,excellent consistent progress no worries,2,1,Stable
S0564,15,44.1,21,18,29.7,81.1,31.4,14,50000,9,1,0,below minimum threshold attendance warning issued,9,1,Attendance
S0565,12,40.1,16,99,49.7,63.6,24.2,4,0,3,0,1,struggling with calculus exam preparation,1,0,Academic
S0566,2,56.0,9,59,20.1,38.8,21.5,19,5000,2,0,0,grief bereavement family trauma counseling,0,0,Personal
S0567,2,15.5,21,38,10.4,67.4,42.5,5,0,6,0,1,domestic crisis hospitalized chronic illness,12,1,Personal
S0568,16,18.2,0,73,42.7,26.0,90.8,5,5000,7,0,1,domestic crisis hospitalized chronic illness,3,1,Personal
S0569,7,86.2,21,88,49.6,34.5,50.7,17,50000,1,1,0,struggling with calculus exam preparation,4,0,Academic
S0570,15,94.6,25,17,6.0,91.7,18.8,17,25000,9,1,1,active engaged thriving academically stable,13,1,Stable
S0571,6,37.3,23,18,14.4,29.1,7.7,3,10000,6,1,1,cannot afford textbooks payment overdue,4,1,Financial
S0572,3,27.1,26,35,8.5,47.0,69.6,16,0,7,1,0,emotional distress family emergency referred,11,1,Personal
S0573,9,64.4,17,73,20.9,89.0,38.3,13,50000,5,0,0,psychological support personal tragedy intervention,6,0,Personal
S0574,10,40.9,17,96,27.0,70.8,82.2,13,25000,5,1,1,emotional distress family emergency referred,3,0,Personal
S0575,15,2.5,13,54,44.9,6.2,66.0,12,50000,9,1,1,midterm failed needs extra academic coaching,4,1,Academic
S0576,14,15.6,14,68,39.1,14.7,79.6,6,0,0,1,0,no intervention needed doing wonderfully,1,1,Stable
S0577,13,71.6,28,46,37.3,0.8,27.2,11,10000,3,1,1,defaulter blocked portal unpaid outstanding,7,1,Financial
S0578,6,65.9,11,48,21.1,63.1,69.2,14,50000,0,0,1,defaulter blocked portal unpaid outstanding,1,0,Financial
S0579,10,2.7,3,98,50.5,44.8,26.4,18,5000,3,1,0,grief bereavement family trauma counseling,2,1,Personal
S0580,10,22.2,26,97,28.3,13.4,93.9,10,25000,1,1,0,midterm failed needs extra academic coaching,4,1,Academic
S0581,6,23.1,2,32,58.7,95.8,63.6,14,50000,10,1,0,truancy pattern observed skipping school,2,0,Attendance
S0582,1,67.2,19,20,38.0,53.0,32.5,11,25000,4,0,0,financial hardship dues unpaid charges pending,3,1,Financial
S0583,4,2.0,28,80,7.6,24.2,27.0,2,5000,9,0,0,emotional distress family emergency referred,3,1,Personal
S0584,10,10.4,11,21,40.6,50.1,19.1,16,10000,8,1,0,fee overdue dues outstanding payment delayed,4,1,Financial
S0585,6,80.0,6,47,19.5,68.0,69.5,2,10000,10,1,1,emotional distress family emergency referred,6,0,Personal
S0586,15,17.9,28,36,41.2,7.6,21.9,18,5000,9,1,1,fee overdue dues outstanding payment delayed,7,1,Financial
S0587,6,65.3,10,14,4.2,27.5,59.5,19,25000,2,0,0,emotional distress family emergency referred,10,1,Personal
S0588,11,23.8,0,34,10.5,80.7,26.5,3,50000,7,1,0,fee overdue dues outstanding payment delayed,1,1,Financial
S0589,12,9.9,5,91,51.3,46.0,66.2,2,5000,2,1,1,performing great assignments submitted timely,2,0,Stable
S0590,5,24.3,14,70,13.6,54.7,81.5,15,0,5,1,1,quiz grades dropping needs tutoring urgently,5,1,Academic
S0591,1,72.2,14,31,50.2,43.3,77.8,11,25000,3,0,1,cannot afford textbooks payment overdue,2,0,Financial
S0592,8,85.6,18,10,16.8,4.4,76.1,7,10000,7,1,0,performing great assignments submitted timely,8,1,Stable
S0593,5,83.0,10,9,38.6,16.6,18.8,16,5000,10,1,0,fee overdue dues outstanding payment delayed,5,1,Financial
S0594,12,39.7,25,72,41.6,44.6,8.8,6,10000,5,0,1,missed practicals labs consistently absent,3,0,Attendance
S0595,12,66.8,22,77,30.8,20.9,69.9,10,25000,7,0,0,transport late irregular punctuality problem,6,1,Attendance
S0596,12,20.5,25,76,18.3,5.0,36.8,17,10000,0,1,0,performing great assignments submitted timely,1,1,Stable
S0597,5,29.3,1,56,12.8,84.4,43.2,0,5000,5,0,0,on track zero concerns outstanding performer,1,0,Stable
S0598,7,89.6,13,24,2.0,98.1,3.1,2,25000,0,1,1,scholarship revoked pending semester charges,0,0,Financial
S0599,4,1.3,1,1,18.2,79.3,26.0,3,0,0,0,1,active engaged thriving academically stable,2,0,Stable
S0600,6,8.6,28,63,39.2,85.4,3.4,12,5000,7,0,0,cannot afford textbooks payment overdue,7,1,Financial
